passenger_id,survived,pclass,name,sex,age,fare,embarked
1,1,3,"Moore, John",male,18,38.14,S
2,0,1,"Moore, Susan",male,4,90.77,S
3,1,3,"Rodriguez, Robert",male,,24.02,S
4,0,3,"Martin, William",male,,43.14,C
5,1,3,"Martin, Mark",male,71,18.19,C
6,0,3,"Davis, Margaret",male,38,49.33,S
7,0,2,"Williams, Karen",female,35,73.16,S
8,0,3,"Hernandez, Anthony",male,72,14.88,C
9,1,1,"Jackson, Mark",male,9,43.48,S
10,1,1,"Jones, Linda",female,59,34.29,C
11,1,3,"Jones, Thomas",female,29,49.88,S
12,0,3,"Martin, John",male,,35.62,S
13,1,3,"Brown, Nancy",female,2,35.61,C
14,0,3,"Rodriguez, Thomas",female,59,5.15,C
15,1,3,"Jones, Barbara",male,65,32.4,C
16,0,3,"Martinez, Linda",male,15,46.81,S
17,0,3,"Moore, Matthew",male,9,49.01,S
18,0,3,"Moore, Matthew",male,55,48.4,C
19,1,1,"Taylor, Joseph",female,48,74.14,S
20,0,1,"Williams, Daniel",female,76,44.73,S
21,1,1,"Thomas, Michael",male,,47.13,S
22,0,3,"Brown, Nancy",female,53,13.57,S
23,1,2,"Brown, Mary",female,,68.81,S
24,0,2,"Wilson, Jennifer",male,,50.38,S
25,0,2,"Moore, Anthony",male,71,18.81,S
26,0,1,"Johnson, Jennifer",male,28,131.73,S
27,1,3,"Moore, Nancy",female,37,24.04,S
28,0,1,"Johnson, Lisa",female,,114.32,S
29,1,1,"Taylor, John",female,21,22.68,C
30,1,1,"Jackson, Linda",male,16,142.12,S
31,0,1,"Rodriguez, Michael",male,67,57.71,S
32,1,2,"Williams, James",female,39,51.15,S
33,0,3,"Lopez, Mark",male,34,10.96,S
34,0,2,"Taylor, James",female,39,65.05,S
35,1,3,"Brown, Lisa",male,,10.19,S
36,1,2,"Rodriguez, Mark",male,34,55.49,C
37,1,1,"Jones, Christopher",female,,60.03,Q
38,1,1,"Jones, Sarah",female,2,30.1,S
39,0,2,"Johnson, Mark",male,,42.82,S
40,0,3,"Jones, Sandra",male,53,48.82,Q
41,1,3,"Hernandez, Betty",male,,38.15,Q
42,0,3,"Johnson, Margaret",male,14,22.21,S
43,1,1,"Miller, Richard",female,30,45.09,S
44,1,3,"Smith, Patricia",female,69,19.9,C
45,0,2,"Hernandez, Susan",female,45,75.57,S
46,1,3,"Wilson, James",female,,7.0,S
47,0,3,"Hernandez, Karen",male,,34.89,S
48,1,3,"Martinez, Sarah",female,42,23.11,S
49,1,2,"Gonzalez, Sarah",female,79,61.22,C
50,0,2,"Anderson, Nancy",male,42,51.85,S
51,1,3,"Davis, Nancy",male,80,20.08,S
52,0,3,"Williams, Joseph",male,61,32.51,S
53,1,3,"Smith, Mark",male,52,15.98,C
54,1,3,"Moore, Linda",male,67,25.9,Q
55,1,1,"Anderson, Karen",male,72,95.39,C
56,1,3,"Thomas, Joseph",female,21,38.46,S
57,1,2,"Williams, Daniel",female,31,34.71,S
58,1,2,"Gonzalez, Daniel",female,,23.57,S
59,1,1,"Wilson, Richard",female,54,23.41,C
60,1,3,"Lopez, Elizabeth",male,49,26.46,C
61,1,3,"Thomas, Linda",female,78,45.4,S
62,1,3,"Anderson, Sandra",female,52,37.59,S
63,1,3,"Wilson, Robert",male,4,8.78,C
64,1,1,"Gonzalez, William",female,42,60.56,C
65,1,3,"Lopez, Linda",female,70,7.34,S
66,1,3,"Martin, Robert",male,26,42.77,S
67,0,3,"Garcia, Karen",male,33,39.51,S
68,1,3,"Jackson, James",male,,19.0,Q
69,1,3,"Davis, Patricia",female,10,31.64,S
70,1,2,"Wilson, Nancy",male,6,41.25,S
71,0,3,"Lopez, Christopher",female,63,9.75,C
72,0,3,"Moore, Matthew",male,35,32.72,S
73,1,2,"Anderson, Linda",female,12,35.1,C
74,1,3,"Miller, Barbara",female,42,13.18,C
75,1,2,"Wilson, Jessica",female,25,17.71,S
76,1,2,"Davis, Richard",female,3,18.37,S
77,1,2,"Moore, David",female,55,99.7,S
78,0,3,"Brown, Lisa",female,,13.67,S
79,0,3,"Taylor, Karen",male,36,37.61,S
80,0,1,"Moore, Robert",male,39,16.91,S
81,1,3,"Thomas, Patricia",female,,44.08,C
82,1,3,"Thomas, Patricia",female,7,16.36,C
83,0,2,"Jackson, Elizabeth",male,20,23.43,S
84,1,2,"Gonzalez, Joseph",female,29,79.81,C
85,1,2,"Brown, Matthew",female,79,96.41,S
86,0,1,"Smith, Susan",male,,25.13,S
87,0,3,"Anderson, John",female,37,36.63,S
88,0,3,"Jones, John",male,20,45.88,S
89,1,3,"Rodriguez, Thomas",female,39,36.49,S
90,1,2,"Williams, Linda",male,78,32.53,Q
91,1,3,"Garcia, Jessica",male,35,30.93,S
92,0,2,"Thomas, Barbara",female,63,97.21,S
93,1,2,"Gonzalez, Anthony",male,64,35.94,C
94,0,1,"Smith, Nancy",male,52,131.76,C
95,0,3,"Johnson, Michael",male,64,33.14,S
96,1,1,"Martin, Betty",female,16,18.9,S
97,0,1,"Brown, Joseph",male,,148.95,Q
98,0,3,"Wilson, Anthony",male,66,36.74,S
99,1,3,"Jones, Margaret",female,77,27.87,S
100,1,3,"Martinez, Lisa",female,35,41.92,S
101,1,3,"Moore, Matthew",female,62,20.53,S
102,1,3,"Davis, Margaret",female,31,30.73,C
103,1,1,"Jones, Jessica",female,50,148.44,Q
104,1,1,"Anderson, James",female,57,28.46,C
105,0,2,"Gonzalez, Christopher",male,34,40.47,S
106,1,2,"Johnson, Karen",female,63,88.51,S
107,1,3,"Brown, Joseph",female,56,49.03,S
108,0,2,"Wilson, Robert",male,38,42.26,S
109,0,2,"Martin, Nancy",male,,88.38,S
110,0,3,"Smith, Mark",male,59,16.49,C
111,0,3,"Wilson, Daniel",male,76,18.46,S
112,1,3,"Jackson, Barbara",male,14,15.67,S
113,0,3,"Jackson, Margaret",female,51,17.35,S
114,1,3,"Davis, Karen",male,37,39.91,C
115,1,1,"Johnson, Elizabeth",male,18,99.81,C
116,1,1,"Wilson, Jennifer",female,,54.84,S
117,1,3,"Thomas, Betty",female,22,16.56,S
118,0,3,"Davis, Margaret",male,,38.94,S
119,1,3,"Gonzalez, James",female,47,9.06,S
120,1,1,"Lopez, Patricia",female,75,66.44,S
121,1,3,"Anderson, Sandra",female,9,33.59,S
122,0,3,"Brown, Patricia",male,39,49.82,S
123,1,3,"Jones, Mark",female,70,23.86,S
124,1,1,"Lopez, Michael",female,36,19.42,S
125,0,3,"Lopez, Mary",female,70,45.58,S
126,1,1,"Martin, James",male,12,104.47,S
127,1,2,"Miller, Anthony",male,71,28.64,C
128,1,2,"Jones, Robert",male,36,87.26,S
129,1,3,"Davis, Charles",male,,5.67,S
130,0,1,"Thomas, Joseph",male,15,115.66,C
131,0,3,"Taylor, Elizabeth",male,79,6.95,S
132,1,3,"Thomas, Daniel",male,55,35.87,C
133,0,1,"Martin, Christopher",male,,32.04,S
134,1,3,"Wilson, Patricia",female,59,27.75,C
135,0,1,"Anderson, Richard",male,53,60.76,S
136,1,1,"Thomas, John",female,20,107.72,S
137,0,1,"Jackson, Sarah",female,17,90.11,S
138,1,3,"Johnson, Elizabeth",female,55,44.06,S
139,0,2,"Moore, Barbara",male,14,41.51,S
140,1,2,"Moore, James",male,80,65.22,S
141,0,3,"Lopez, James",female,40,46.47,S
142,0,1,"Taylor, Michael",female,4,27.39,S
143,0,3,"Johnson, Robert",male,73,31.83,S
144,0,3,"Wilson, William",male,63,32.32,S
145,1,3,"Martinez, Mary",female,76,26.9,S
146,0,3,"Rodriguez, Elizabeth",male,28,39.53,S
147,0,1,"Lopez, John",female,30,82.54,S
148,0,3,"Jackson, Richard",female,41,30.91,S
149,0,2,"Martin, Joseph",male,22,82.12,C
150,0,3,"Gonzalez, Thomas",male,,24.61,S
151,0,3,"Brown, Thomas",female,10,27.97,S
152,1,3,"Jones, William",female,19,15.63,S
153,0,3,"Jackson, Matthew",male,64,25.88,S
154,1,3,"Thomas, Joseph",female,20,24.79,S
155,0,3,"Johnson, Mary",male,,25.78,S
156,0,2,"Johnson, Joseph",male,60,62.23,C
157,0,3,"Anderson, Patricia",male,20,48.1,C
158,0,3,"Anderson, Joseph",male,,16.15,S
159,1,3,"Martin, Mary",female,53,39.85,C
160,0,3,"Martin, Margaret",male,50,17.79,S
161,1,1,"Williams, Elizabeth",male,51,32.41,S
162,1,3,"Wilson, Thomas",female,68,9.21,S
163,1,2,"Jones, Robert",male,63,27.28,S
164,0,3,"Hernandez, Mark",male,68,6.7,C
165,0,1,"Martin, Betty",female,,108.53,C
166,0,3,"Martin, Elizabeth",male,31,48.63,C
167,0,3,"Miller, Barbara",male,61,45.68,S
168,1,3,"Wilson, Jennifer",female,49,27.63,C
169,1,3,"Lopez, Sarah",male,,26.63,Q
170,0,3,"Taylor, Robert",male,35,25.22,C
171,1,1,"Gonzalez, Thomas",male,4,71.01,S
172,0,2,"Hernandez, Betty",male,,93.77,S
173,1,1,"Anderson, Karen",female,,110.25,S
174,0,1,"Martin, Thomas",female,,141.93,S
175,0,3,"Martin, Joseph",male,,23.89,S
176,1,3,"Davis, Daniel",female,,28.19,S
177,0,2,"Lopez, John",female,11,57.11,Q
178,0,3,"Rodriguez, Lisa",male,50,49.15,S
179,0,3,"Hernandez, Robert",female,14,39.72,S
180,1,3,"Jones, John",male,62,33.43,S
181,0,3,"Johnson, David",male,,13.98,Q
182,0,3,"Johnson, Margaret",female,25,17.87,S
183,1,2,"Gonzalez, David",female,57,90.52,Q
184,1,3,"Wilson, John",female,35,41.05,S
185,0,3,"Martinez, Elizabeth",male,11,19.76,S
186,1,3,"Lopez, Karen",male,6,37.71,Q
187,0,2,"Garcia, James",male,47,56.18,S
188,0,3,"Lopez, Barbara",female,,40.03,S
189,1,3,"Williams, Charles",male,48,24.98,S
190,1,2,"Garcia, Jessica",female,15,12.33,S
191,0,3,"Martin, Elizabeth",male,58,14.66,S
192,0,3,"Anderson, John",male,58,12.77,C
193,1,3,"Martinez, Margaret",female,71,29.4,S
194,1,3,"Jones, Linda",male,16,49.33,C
195,1,1,"Williams, John",female,17,97.61,S
196,1,3,"Hernandez, Christopher",female,74,8.32,S
197,0,3,"Garcia, Matthew",female,71,33.79,Q
198,1,2,"Hernandez, Sandra",male,39,24.82,S
199,1,2,"Martinez, Karen",female,71,34.7,S
200,0,3,"Martin, David",male,22,34.64,C
201,0,3,"Miller, Matthew",male,74,16.91,S
202,0,3,"Martinez, Jessica",male,38,33.89,S
203,1,3,"Anderson, Susan",female,,7.7,S
204,0,1,"Jones, Matthew",male,45,146.68,S
205,0,3,"Jones, Patricia",female,,25.23,S
206,0,3,"Jackson, Lisa",female,21,41.61,S
207,1,3,"Williams, Richard",female,40,27.38,S
208,0,3,"Martin, Mark",male,,17.66,C
209,1,3,"Rodriguez, Lisa",female,56,11.03,S
210,0,2,"Martinez, John",male,25,42.63,S
211,1,3,"Brown, Richard",female,79,10.35,S
212,1,3,"Taylor, Mary",female,,27.91,S
213,1,1,"Taylor, Robert",female,20,96.85,S
214,0,3,"Taylor, Anthony",male,39,31.72,S
215,1,3,"Brown, Susan",female,,19.91,S
216,0,3,"Johnson, Charles",male,75,30.99,S
217,0,3,"Brown, Michael",female,5,30.77,S
218,0,2,"Thomas, Margaret",male,65,79.75,C
219,0,3,"Hernandez, Jennifer",male,62,28.65,S
220,1,3,"Miller, Linda",female,34,32.45,S
221,1,2,"Lopez, Sarah",female,63,38.53,Q
222,1,3,"Gonzalez, Anthony",female,70,22.09,S
223,0,3,"Anderson, Christopher",male,11,20.59,S
224,1,3,"Jones, Patricia",male,72,36.33,S
225,0,3,"Johnson, Patricia",male,29,33.71,S
226,1,3,"Garcia, Susan",male,,48.4,S
227,1,3,"Hernandez, Elizabeth",female,,48.38,S
228,1,3,"Garcia, Susan",male,5,46.1,C
229,1,1,"Martinez, Mark",male,64,40.15,S
230,1,2,"Moore, Thomas",male,59,99.02,S
231,1,3,"Anderson, Christopher",female,43,12.31,S
232,1,1,"Gonzalez, Anthony",female,25,38.69,S
233,1,2,"Hernandez, Sandra",female,,22.66,S
234,0,2,"Jackson, James",male,43,37.18,S
235,0,2,"Gonzalez, Nancy",male,,37.61,S
236,1,3,"Davis, Linda",female,38,21.54,Q
237,1,3,"Thomas, Matthew",female,54,36.59,S
238,1,3,"Williams, Thomas",male,77,44.29,S
239,1,3,"Taylor, Michael",male,,42.29,S
240,1,1,"Thomas, John",female,27,111.78,C
241,0,2,"Moore, Joseph",male,59,60.75,S
242,0,2,"Johnson, Susan",male,28,62.05,S
243,1,1,"Johnson, Elizabeth",male,,141.06,S
244,1,3,"Gonzalez, Richard",female,58,44.13,S
245,1,3,"Gonzalez, Thomas",male,23,49.68,S
246,1,3,"Moore, Susan",male,60,35.31,S
247,0,3,"Brown, Mary",male,,13.48,C
248,0,2,"Anderson, Karen",male,,63.45,S
249,1,3,"Johnson, Robert",male,30,29.29,S
250,1,2,"Jones, Nancy",female,42,31.32,S
251,0,2,"Wilson, Sarah",female,23,66.34,S
252,1,3,"Martinez, Richard",female,54,23.37,S
253,1,3,"Johnson, Sarah",male,19,41.26,S
254,0,2,"Anderson, Margaret",male,43,68.2,S
255,0,3,"Williams, Michael",male,78,32.13,C
256,0,3,"Smith, Michael",male,43,18.64,Q
257,1,3,"Miller, Richard",male,32,36.3,Q
258,1,3,"Lopez, Thomas",female,46,18.88,C
259,1,3,"Wilson, Mary",female,27,21.68,S
260,0,1,"Wilson, Elizabeth",male,75,93.18,S
261,1,2,"Hernandez, William",female,71,68.91,C
262,1,3,"Moore, Jessica",female,46,12.62,S
263,0,3,"Johnson, Matthew",male,10,47.53,S
264,0,1,"Anderson, Barbara",male,,44.53,S
265,1,3,"Wilson, James",female,,28.95,S
266,0,3,"Garcia, Patricia",female,56,41.28,Q
267,0,3,"Gonzalez, John",male,46,17.03,S
268,1,2,"Johnson, John",male,11,68.84,S
269,0,2,"Thomas, Margaret",female,,25.42,S
270,1,3,"Jackson, Jessica",male,30,14.51,S
271,1,3,"Hernandez, James",female,5,13.07,Q
272,1,3,"Gonzalez, Nancy",female,73,15.82,C
273,1,2,"Lopez, Mary",male,11,55.07,S
274,0,1,"Hernandez, James",male,77,68.55,S
275,1,3,"Jackson, Nancy",female,49,24.43,S
276,1,3,"Gonzalez, Daniel",female,11,17.06,C
277,1,1,"Martinez, Joseph",female,,15.7,S
278,0,2,"Wilson, Patricia",male,72,59.93,S
279,0,2,"Wilson, Richard",male,50,11.11,C
280,0,3,"Jones, William",male,,22.13,S
281,0,3,"Williams, Barbara",male,39,26.79,S
282,1,2,"Martinez, James",female,,19.63,Q
283,1,2,"Martin, Robert",female,43,48.76,S
284,0,3,"Hernandez, Elizabeth",male,,22.92,C
285,0,3,"Jackson, Michael",male,51,21.43,S
286,1,3,"Martinez, Anthony",male,27,24.73,S
287,1,3,"Rodriguez, Nancy",female,,18.63,S
288,0,2,"Moore, Thomas",female,62,62.4,Q
289,1,3,"Moore, Karen",female,47,36.57,S
290,1,1,"Gonzalez, Matthew",male,79,20.98,S
291,0,3,"Moore, Charles",male,66,38.61,S
292,1,1,"Jones, Barbara",female,76,108.21,Q
293,1,3,"Jones, Barbara",female,15,42.41,S
294,0,3,"Anderson, David",male,13,24.72,S
295,0,1,"Garcia, Sandra",male,14,106.41,Q
296,0,2,"Davis, Betty",male,55,96.26,S
297,1,1,"Wilson, Richard",female,26,75.69,S
298,1,1,"Moore, Jennifer",female,9,92.94,S
299,0,1,"Hernandez, Karen",male,68,145.4,S
300,0,2,"Martinez, Sandra",male,80,25.53,S
301,0,1,"Jones, Thomas",male,15,39.71,S
302,1,3,"Garcia, Sarah",female,69,36.2,S
303,0,2,"Smith, Jessica",male,7,87.9,S
304,1,3,"Williams, Charles",female,57,26.99,S
305,0,3,"Anderson, Charles",female,37,12.57,C
306,0,3,"Lopez, Sarah",male,70,42.05,C
307,1,1,"Davis, Elizabeth",female,14,114.36,C
308,1,1,"Brown, Matthew",female,57,131.81,C
309,1,1,"Jones, Betty",female,55,37.41,S
310,0,1,"Hernandez, Daniel",male,77,87.73,S
311,0,3,"Rodriguez, Margaret",male,53,46.34,S
312,0,3,"Gonzalez, Jessica",male,32,39.27,S
313,1,3,"Williams, Richard",female,,40.76,S
314,1,2,"Williams, Lisa",female,75,10.22,Q
315,1,3,"Wilson, Anthony",female,51,14.8,S
316,1,2,"Hernandez, Mark",female,73,86.72,S
317,1,1,"Garcia, Joseph",male,3,31.77,S
318,0,3,"Martinez, Jennifer",female,17,44.7,C
319,1,3,"Garcia, Mary",male,48,34.9,S
320,0,2,"Miller, Jessica",male,,18.57,S
321,0,3,"Wilson, Daniel",female,16,49.47,S
322,0,1,"Martinez, Robert",female,14,57.3,S
323,1,3,"Smith, Karen",male,9,28.87,S
324,1,2,"Anderson, Margaret",male,,47.05,S
325,1,3,"Wilson, David",male,50,20.82,C
326,0,2,"Smith, Margaret",male,78,35.64,C
327,0,3,"Johnson, Betty",male,51,18.3,C
328,1,3,"Smith, Barbara",female,77,8.2,Q
329,1,1,"Williams, James",female,61,143.85,S
330,0,1,"Taylor, Elizabeth",male,,121.55,S
331,1,3,"Jones, William",female,69,29.19,S
332,1,1,"Jackson, Christopher",male,,59.11,C
333,0,3,"Williams, Sandra",male,31,7.61,S
334,0,3,"Jones, Daniel",male,23,10.37,S
335,1,3,"Jones, Lisa",female,34,12.51,C
336,1,2,"Rodriguez, Thomas",male,,82.64,S
337,0,3,"Jackson, Jennifer",male,8,27.48,S
338,1,2,"Taylor, James",male,15,30.56,S
339,0,3,"Johnson, Sarah",male,20,13.05,C
340,0,3,"Williams, Charles",female,41,17.21,S
341,0,3,"Williams, Mark",male,6,47.93,S
342,1,2,"Martinez, Charles",female,2,43.2,C
343,0,3,"Miller, Lisa",male,64,49.9,C
344,0,3,"Lopez, Christopher",male,4,15.48,C
345,0,3,"Taylor, Linda",female,40,9.68,S
346,1,3,"Taylor, Susan",male,,46.46,S
347,0,2,"Jackson, Mary",male,51,16.73,S
348,0,3,"Hernandez, David",male,51,36.53,S
349,0,1,"Garcia, Joseph",male,14,35.98,S
350,1,2,"Brown, John",female,40,51.7,S
351,0,3,"Davis, Barbara",male,19,9.1,S
352,1,1,"Anderson, Sarah",female,4,143.53,C
353,0,2,"Davis, Robert",female,16,11.08,S
354,0,2,"Williams, Michael",male,10,11.96,C
355,0,2,"Anderson, Mary",male,43,21.03,S
356,1,3,"Miller, Sandra",female,55,12.78,S
357,0,2,"Thomas, Susan",male,32,68.26,C
358,0,3,"Taylor, Linda",male,,13.98,S
359,1,3,"Thomas, Barbara",male,46,26.59,Q
360,1,3,"Smith, Mark",female,,31.87,C
361,1,2,"Brown, Linda",female,30,97.66,S
362,1,2,"Gonzalez, Barbara",male,74,86.19,Q
363,0,3,"Smith, Daniel",male,46,46.13,S
364,0,3,"Thomas, Sarah",male,,49.46,S
365,0,3,"Smith, David",male,3,28.69,Q
366,0,1,"Hernandez, Mary",male,,123.33,S
367,1,3,"Lopez, Daniel",male,47,48.23,Q
368,0,2,"Wilson, Betty",male,21,75.91,S
369,0,3,"Davis, Nancy",female,79,40.41,S
370,1,1,"Jackson, Richard",female,23,113.39,C
371,0,3,"Jackson, Patricia",male,79,14.94,Q
372,0,1,"Williams, Anthony",male,22,100.89,S
373,1,3,"Lopez, William",female,32,36.19,C
374,0,3,"Thomas, Mark",male,22,44.8,S
375,1,3,"Davis, Jennifer",male,74,34.29,S
376,0,3,"Garcia, Mark",male,14,8.34,S
377,0,3,"Wilson, Christopher",male,62,36.7,S
378,0,3,"Moore, Lisa",male,25,23.42,Q
379,1,3,"Moore, Anthony",female,,22.68,S
380,0,1,"Brown, James",male,77,79.84,S
381,0,3,"Thomas, Jessica",male,,40.32,C
382,0,2,"Johnson, William",female,48,26.79,S
383,1,2,"Brown, John",female,,72.68,S
384,1,3,"Gonzalez, Anthony",female,71,7.74,S
385,1,3,"Johnson, Thomas",female,39,8.55,S
386,0,3,"Garcia, Michael",male,23,47.71,C
387,0,1,"Jones, Anthony",female,26,149.63,S
388,0,2,"Rodriguez, Thomas",male,71,39.35,S
389,0,3,"Jackson, Matthew",female,,30.5,Q
390,0,1,"Moore, Mark",male,,53.62,S
391,1,2,"Rodriguez, Richard",female,61,13.37,S
392,0,3,"Johnson, Lisa",female,43,36.07,S
393,0,2,"Thomas, Margaret",female,39,37.99,S
394,0,1,"Hernandez, William",male,57,119.49,C
395,0,3,"Taylor, Margaret",male,53,38.34,S
396,0,1,"Taylor, Mark",male,52,33.31,S
397,1,1,"Lopez, Daniel",male,59,21.83,S
398,1,2,"Davis, Barbara",female,16,71.31,S
399,1,2,"Rodriguez, Lisa",female,21,85.39,C
400,0,1,"Miller, Margaret",male,,92.25,S
401,0,1,"Smith, Jessica",male,3,131.73,Q
402,0,3,"Rodriguez, Susan",male,40,37.07,C
403,0,3,"Gonzalez, Charles",female,67,42.09,S
404,1,3,"Brown, Jessica",female,37,18.43,S
405,1,3,"Taylor, Matthew",female,39,13.48,S
406,1,1,"Martinez, William",female,4,103.48,C
407,0,2,"Davis, Nancy",male,25,40.89,S
408,1,3,"Brown, Jessica",female,72,13.15,S
409,1,2,"Davis, Lisa",male,12,30.0,C
410,1,2,"Thomas, Mary",female,60,86.61,C
411,0,3,"Gonzalez, Thomas",male,,10.39,S
412,0,1,"Anderson, Robert",male,53,148.27,S
413,0,3,"Johnson, James",male,23,19.1,S
414,0,1,"Williams, Robert",male,,121.0,S
415,1,3,"Miller, Lisa",female,1,6.7,S
416,1,1,"Davis, Linda",female,3,106.36,S
417,0,2,"Johnson, Elizabeth",male,40,25.03,Q
418,1,3,"Thomas, Barbara",female,18,20.42,C
419,0,1,"Smith, Charles",female,17,43.51,S
420,0,1,"Martin, Mary",male,69,99.12,S
421,0,3,"Brown, Sarah",male,,24.99,S
422,1,3,"Brown, Nancy",male,39,23.94,S
423,0,3,"Brown, Elizabeth",male,66,37.34,S
424,0,1,"Lopez, Daniel",male,67,146.37,S
425,1,1,"Smith, James",female,62,59.63,S
426,0,3,"Brown, Mark",female,,28.03,S
427,1,1,"Johnson, Margaret",female,,124.78,S
428,1,3,"Johnson, James",female,,43.31,C
429,0,3,"Williams, Barbara",male,80,17.07,C
430,1,1,"Thomas, Betty",female,50,108.14,S
431,0,3,"Garcia, Patricia",male,8,49.17,S
432,0,3,"Jones, Jessica",female,46,32.51,Q
433,1,1,"Smith, Daniel",female,,103.42,C
434,1,3,"Martin, Patricia",male,44,28.36,S
435,1,3,"Moore, Mark",female,50,11.69,Q
436,0,1,"Williams, Matthew",male,64,132.37,S
437,0,2,"Davis, John",female,49,46.29,S
438,0,3,"Thomas, Lisa",female,41,10.34,S
439,0,1,"Martin, Christopher",female,12,121.89,S
440,1,3,"Johnson, Anthony",male,44,21.35,S
441,1,3,"Davis, James",female,58,10.13,S
442,1,3,"Garcia, Jessica",female,14,7.06,S
443,0,3,"Gonzalez, Michael",female,25,10.43,S
444,0,3,"Anderson, Joseph",female,76,10.54,S
445,1,3,"Moore, Sandra",male,,38.13,S
446,1,3,"Brown, Richard",male,,41.69,S
447,1,3,"Davis, William",female,78,46.22,S
448,1,2,"Taylor, Elizabeth",female,,47.15,C
449,1,3,"Martin, Daniel",female,28,14.04,S
450,1,2,"Hernandez, Daniel",male,23,55.35,S
451,1,2,"Moore, Elizabeth",female,54,70.68,C
452,0,2,"Johnson, Michael",male,,23.08,S
453,1,3,"Martinez, Michael",female,,7.79,C
454,0,1,"Moore, Richard",female,72,131.75,S
455,1,3,"Wilson, Betty",female,,22.17,Q
456,0,2,"Anderson, Anthony",male,80,88.2,S
457,1,3,"Miller, Elizabeth",female,78,13.84,S
458,0,3,"Gonzalez, Mary",male,,28.12,S
459,0,3,"Jones, Mary",male,1,19.88,S
460,1,2,"Jackson, Sarah",male,39,54.15,S
461,1,3,"Taylor, Jennifer",female,67,8.07,S
462,0,3,"Martinez, Michael",male,43,19.9,Q
463,1,3,"Lopez, Joseph",female,2,10.16,S
464,1,3,"Brown, Richard",male,42,22.16,S
465,1,3,"Taylor, Joseph",male,48,28.14,S
466,0,2,"Moore, Sarah",male,,18.64,S
467,1,1,"Wilson, Christopher",male,14,42.75,C
468,0,1,"Johnson, Jennifer",male,5,26.82,C
469,1,3,"Wilson, David",male,58,33.36,S
470,1,3,"Williams, Barbara",male,75,7.05,Q
471,1,1,"Smith, Jessica",female,57,66.49,S
472,1,1,"Jones, Elizabeth",female,38,144.62,S
473,1,3,"Jones, Patricia",female,,44.36,S
474,1,3,"Lopez, Michael",female,40,14.45,S
475,0,3,"Garcia, Nancy",male,33,13.74,C
476,1,3,"Rodriguez, Patricia",female,,35.23,S
477,1,3,"Martin, John",female,31,9.5,C
478,1,2,"Jackson, Barbara",female,75,23.72,C
479,0,3,"Wilson, William",male,29,37.05,C
480,1,1,"Thomas, Sarah",female,46,119.59,S
481,1,3,"Miller, William",male,18,45.11,C
482,1,3,"Jackson, Richard",male,4,41.57,C
483,0,1,"Jones, Barbara",male,70,78.73,S
484,0,3,"Taylor, James",female,12,22.86,S
485,1,3,"Jackson, Charles",male,,12.17,S
486,1,3,"Davis, John",female,,39.27,S
487,0,1,"Anderson, Mark",male,50,78.41,S
488,0,3,"Rodriguez, Charles",female,36,42.57,S
489,1,1,"Gonzalez, Sandra",female,10,84.75,S
490,1,2,"Jones, Joseph",female,78,10.59,S
491,0,1,"Brown, Nancy",female,,63.9,S
492,0,3,"Wilson, James",male,27,31.59,S
493,0,1,"Garcia, William",male,74,34.83,Q
494,1,3,"Martinez, John",female,3,44.53,S
495,1,3,"Martin, Robert",female,,42.37,C
496,1,3,"Hernandez, Sandra",male,22,37.59,S
497,0,3,"Taylor, Margaret",male,,5.75,C
498,0,3,"Martin, Mary",male,,45.57,C
499,0,3,"Smith, Mark",male,78,29.27,Q
500,1,3,"Wilson, Linda",female,6,36.39,Q
501,1,3,"Jones, William",female,74,9.4,S
502,0,1,"Smith, Daniel",male,53,49.8,C
503,0,1,"Hernandez, Susan",male,27,107.85,S
504,1,1,"Rodriguez, Nancy",female,73,64.36,S
505,0,1,"Martinez, Charles",female,62,49.26,S
506,1,3,"Garcia, Patricia",male,30,25.1,S
507,1,2,"Smith, Betty",female,7,24.47,S
508,0,1,"Johnson, Lisa",female,48,25.81,S
509,1,3,"Anderson, James",female,23,33.81,S
510,0,3,"Davis, Karen",female,66,28.21,S
511,1,1,"Gonzalez, Barbara",male,12,149.57,S
512,0,2,"Moore, Elizabeth",male,9,92.73,C
513,1,3,"Miller, Joseph",female,29,32.29,Q
514,0,3,"Martinez, David",female,72,8.26,Q
515,1,3,"Anderson, Richard",female,74,16.26,S
516,1,3,"Smith, Jessica",female,59,45.34,S
517,1,1,"Lopez, Thomas",male,41,70.68,S
518,0,3,"Hernandez, John",female,,35.32,S
519,1,1,"Miller, Jessica",female,35,39.68,C
520,1,1,"Martin, Barbara",male,26,127.72,S
521,1,1,"Moore, Mary",male,79,15.89,C
522,1,2,"Thomas, Jennifer",female,74,88.19,Q
523,1,3,"Wilson, Jessica",female,17,7.44,Q
524,1,1,"Brown, Daniel",female,23,76.72,S
525,0,2,"Lopez, Karen",male,75,19.07,C
526,0,1,"Garcia, Jessica",female,79,61.32,S
527,1,2,"Jones, Charles",female,58,26.19,S
528,1,3,"Jones, Jessica",female,49,13.82,C
529,0,1,"Hernandez, Betty",female,67,87.09,S
530,0,2,"Rodriguez, Jessica",male,8,29.39,C
531,0,1,"Rodriguez, Barbara",female,72,140.8,S
532,0,1,"Martinez, Barbara",male,69,38.56,S
533,1,3,"Jones, Margaret",female,37,25.87,S
534,1,3,"Williams, John",female,52,43.2,S
535,1,1,"Rodriguez, Mark",female,78,102.03,S
536,1,3,"Garcia, Margaret",female,58,23.63,S
537,1,3,"Gonzalez, Patricia",female,11,14.48,S
538,1,3,"Williams, Patricia",female,,22.87,S
539,1,1,"Jones, Robert",female,37,74.83,S
540,1,1,"Anderson, Margaret",male,42,131.67,S
541,0,2,"Martin, Joseph",female,70,25.93,S
542,1,3,"Thomas, Sarah",female,40,45.9,S
543,1,1,"Taylor, Anthony",female,39,16.43,C
544,1,1,"Thomas, Elizabeth",female,,139.48,S
545,1,2,"Wilson, Mark",female,71,43.63,S
546,1,2,"Williams, Susan",male,49,29.85,S
547,1,3,"Williams, Jennifer",female,35,23.58,S
548,1,1,"Hernandez, James",female,80,81.42,S
549,0,3,"Anderson, Lisa",male,,17.11,S
550,0,1,"Thomas, Barbara",male,40,121.07,S
551,0,3,"Gonzalez, John",female,19,7.52,S
552,1,1,"Davis, Richard",female,16,146.57,C
553,0,2,"Miller, Jessica",male,13,56.9,S
554,0,3,"Rodriguez, Jessica",female,71,28.44,S
555,1,1,"Wilson, David",male,15,46.86,S
556,0,3,"Thomas, Daniel",male,6,31.15,S
557,0,2,"Johnson, Mary",male,80,40.46,S
558,0,1,"Lopez, Betty",male,72,121.46,C
559,1,3,"Johnson, Jessica",male,18,16.28,S
560,0,3,"Anderson, William",female,,20.64,C
561,0,3,"Rodriguez, Sarah",male,,18.31,S
562,1,1,"Martin, Linda",female,80,130.67,S
563,0,1,"Martinez, David",female,71,35.81,S
564,0,2,"Jones, Jennifer",male,,85.17,C
565,0,1,"Gonzalez, Nancy",female,,101.64,S
566,0,3,"Miller, Christopher",female,10,5.59,S
567,0,3,"Wilson, Anthony",male,47,30.11,S
568,1,3,"Miller, Thomas",female,39,8.51,S
569,0,3,"Garcia, Sarah",female,32,30.65,C
570,1,2,"Wilson, Mark",male,59,73.23,S
571,1,3,"Anderson, Sandra",female,69,49.93,S
572,1,2,"Hernandez, Karen",female,56,84.35,S
573,1,3,"Anderson, Joseph",female,33,21.2,Q
574,1,1,"Martinez, James",male,67,33.24,S
575,0,1,"Taylor, Sarah",female,36,139.08,S
576,0,3,"Jackson, Linda",male,18,16.92,S
577,0,3,"Hernandez, Betty",male,28,38.04,S
578,0,3,"Johnson, Sandra",male,74,22.17,C
579,1,2,"Martin, Sandra",female,30,77.29,S
580,0,3,"Jones, David",female,41,29.3,S
581,1,1,"Jackson, Thomas",male,58,116.63,S
582,0,2,"Johnson, Sarah",female,61,61.43,S
583,1,1,"Moore, Michael",female,,33.21,S
584,0,3,"Williams, William",male,68,16.08,C
585,0,2,"Hernandez, Barbara",male,47,41.35,S
586,0,1,"Anderson, Mary",female,57,99.13,Q
587,0,1,"Johnson, Linda",female,11,30.17,Q
588,0,3,"Thomas, James",female,15,18.73,S
589,0,3,"Martin, Lisa",male,34,29.7,Q
590,0,3,"Garcia, Mary",male,68,6.96,S
591,0,3,"Rodriguez, Nancy",female,2,8.0,C
592,0,3,"Gonzalez, Thomas",male,50,15.4,Q
593,1,1,"Taylor, Joseph",female,12,40.17,S
594,0,3,"Garcia, James",male,43,27.05,S
595,0,2,"Johnson, Christopher",female,65,34.83,S
596,1,2,"Gonzalez, Nancy",male,29,23.65,S
597,0,3,"Martin, David",male,55,48.67,S
598,0,1,"Martinez, Daniel",male,26,131.45,S
599,0,3,"Jackson, Sandra",male,19,34.53,S
600,0,1,"Hernandez, Mark",male,19,113.16,Q
601,1,3,"Miller, Patricia",female,36,11.84,S
602,1,1,"Smith, Barbara",female,77,46.34,S
603,0,3,"Gonzalez, Jessica",male,48,13.28,S
604,0,1,"Wilson, Linda",male,2,139.93,C
605,0,3,"Thomas, Daniel",male,57,44.02,S
606,0,3,"Gonzalez, Lisa",male,78,38.09,S
607,0,3,"Davis, Thomas",male,6,44.5,S
608,0,3,"Anderson, Richard",male,7,13.54,C
609,1,3,"Taylor, Mark",female,79,46.36,S
610,0,3,"Moore, Robert",female,24,40.04,S
611,0,2,"Williams, William",male,26,89.43,S
612,1,3,"Anderson, Christopher",male,,10.14,S
613,1,3,"Gonzalez, Sarah",female,79,47.74,S
614,1,3,"Jones, Jennifer",female,20,12.3,C
615,1,1,"Garcia, Patricia",female,58,53.99,C
616,1,3,"Thomas, Sarah",male,59,27.39,C
617,0,3,"Anderson, John",female,61,25.42,S
618,1,1,"Jones, Mary",female,27,21.6,S
619,1,1,"Williams, Mary",male,39,59.7,S
620,1,3,"Moore, Jennifer",male,77,30.75,Q
621,1,3,"Lopez, Mark",female,,18.47,S
622,1,1,"Brown, Daniel",female,,78.56,C
623,1,2,"Jackson, Lisa",female,79,15.24,Q
624,0,3,"Hernandez, William",male,37,24.22,S
625,1,3,"Thomas, Jessica",female,64,28.39,C
626,1,3,"Anderson, Christopher",male,1,10.32,C
627,1,3,"Lopez, Sarah",male,53,7.05,C
628,1,1,"Taylor, Sarah",male,9,56.55,S
629,1,1,"Garcia, Michael",female,79,144.62,S
630,1,2,"Anderson, Mark",female,18,53.33,C
631,1,3,"Martinez, Charles",female,8,42.58,C
632,0,2,"Jones, William",male,46,15.96,C
633,1,2,"Garcia, Karen",female,74,64.51,S
634,1,3,"Williams, Jessica",female,5,17.22,C
635,0,2,"Johnson, Matthew",female,15,43.68,S
636,1,1,"Thomas, Lisa",male,20,40.68,C
637,0,2,"Jones, Michael",female,67,70.9,C
638,0,3,"Hernandez, Joseph",male,77,44.23,C
639,0,1,"Miller, Elizabeth",female,27,58.32,S
640,1,2,"Smith, Karen",female,21,34.63,S
641,1,1,"Garcia, John",female,37,92.5,S
642,0,3,"Johnson, Patricia",female,,45.65,S
643,0,1,"Anderson, Karen",female,76,99.98,S
644,1,2,"Anderson, Charles",male,69,17.07,S
645,0,3,"Davis, Robert",female,60,26.17,C
646,1,3,"Hernandez, Joseph",female,43,40.5,S
647,0,1,"Lopez, Karen",male,22,53.1,S
648,1,3,"Williams, Betty",female,42,30.03,S
649,0,3,"Gonzalez, John",female,21,48.83,S
650,1,3,"Davis, Jennifer",female,44,29.5,S
651,0,1,"Anderson, Jennifer",female,42,89.94,S
652,1,2,"Johnson, John",male,49,39.47,S
653,1,1,"Gonzalez, Karen",male,58,86.72,S
654,1,1,"Wilson, Daniel",female,39,139.0,Q
655,0,2,"Jones, Margaret",male,66,46.38,S
656,0,2,"Martinez, Margaret",male,46,19.87,S
657,1,2,"Moore, Michael",female,52,44.34,S
658,0,3,"Jones, Elizabeth",male,47,42.8,Q
659,0,3,"Thomas, Nancy",male,19,37.46,S
660,0,3,"Martin, Sandra",male,59,45.21,S
661,1,1,"Wilson, Karen",female,46,45.48,S
662,1,3,"Johnson, Mary",male,70,30.94,S
663,0,3,"Taylor, Margaret",male,11,11.39,Q
664,1,3,"Thomas, Christopher",female,79,8.98,C
665,1,3,"Johnson, Mark",male,75,19.06,S
666,1,3,"Wilson, Barbara",female,74,38.02,Q
667,0,3,"Jackson, William",female,77,38.72,S
668,0,3,"Martin, James",male,38,41.4,S
669,1,1,"Rodriguez, Margaret",male,17,98.13,S
670,1,3,"Garcia, William",male,58,21.64,C
671,1,1,"Jones, Karen",male,44,147.85,Q
672,1,1,"Anderson, Lisa",female,50,47.12,S
673,0,1,"Anderson, Richard",female,15,22.09,S
674,0,3,"Taylor, Margaret",male,61,16.82,S
675,1,2,"Johnson, Patricia",female,68,71.46,Q
676,1,3,"Rodriguez, Betty",female,35,20.07,S
677,1,3,"Jackson, Matthew",female,31,38.04,S
678,0,2,"Williams, James",male,,10.76,S
679,1,3,"Smith, Karen",female,33,13.69,S
680,1,3,"Martin, Robert",male,16,8.89,S
681,1,3,"Williams, Christopher",male,33,18.26,S
682,1,3,"Williams, William",female,42,16.58,C
683,1,2,"Williams, Jessica",female,34,26.01,Q
684,0,1,"Wilson, Michael",female,19,87.99,S
685,1,1,"Jackson, Lisa",female,,24.84,S
686,0,2,"Rodriguez, Robert",female,5,69.81,S
687,0,3,"Gonzalez, Margaret",male,63,26.52,C
688,0,3,"Thomas, Patricia",male,,47.94,S
689,1,3,"Williams, Barbara",female,8,33.45,S
690,1,3,"Garcia, Sarah",male,38,34.15,S
691,0,2,"Lopez, Jessica",male,14,66.76,S
692,0,3,"Jackson, Linda",male,,37.39,S
693,1,1,"Smith, Mary",female,58,145.49,S
694,0,2,"Moore, Robert",male,67,51.25,C
695,0,1,"Thomas, Sandra",male,,103.27,Q
696,0,1,"Brown, Joseph",male,40,125.8,S
697,1,3,"Martin, Linda",male,,27.37,S
698,1,1,"Jackson, Sarah",female,52,58.77,S
699,1,3,"Rodriguez, Robert",male,43,7.84,C
700,1,1,"Brown, Betty",female,75,20.49,C
701,0,3,"Williams, Daniel",male,1,5.33,S
702,1,3,"Miller, Robert",female,61,36.16,S
703,0,3,"Martin, Jennifer",female,,36.13,S
704,1,3,"Moore, Linda",male,45,23.85,S
705,0,3,"Anderson, Matthew",male,70,27.84,S
706,0,1,"Garcia, Nancy",male,61,82.16,Q
707,1,1,"Anderson, Mary",female,43,98.27,S
708,0,1,"Williams, Mark",male,,84.51,S
709,1,2,"Brown, David",female,42,30.71,S
710,1,1,"Jackson, Jessica",female,29,24.93,S
711,1,2,"Anderson, Lisa",male,50,43.61,S
712,0,2,"Johnson, William",female,,72.3,S
713,1,3,"Martin, Jennifer",female,29,44.89,C
714,0,3,"Taylor, Jessica",male,30,8.89,C
715,1,1,"Davis, Linda",female,55,114.38,S
716,1,3,"Johnson, Jessica",male,54,49.11,C
717,1,3,"Davis, John",female,13,25.36,S
718,1,1,"Williams, James",female,,54.93,S
719,1,2,"Anderson, Matthew",female,4,97.88,S
720,1,3,"Smith, Margaret",male,60,36.68,S
721,1,2,"Martin, Sarah",female,35,72.82,S
722,1,1,"Lopez, Mark",male,8,84.49,S
723,1,2,"Williams, Sarah",female,23,68.34,S
724,0,1,"Jackson, Margaret",female,,79.6,Q
725,0,1,"Rodriguez, Mary",male,65,106.83,S
726,1,2,"Moore, Mark",female,61,73.88,S
727,0,3,"Garcia, Elizabeth",male,12,8.61,Q
728,0,1,"Miller, Thomas",male,64,35.32,Q
729,1,1,"Wilson, Joseph",female,17,78.98,C
730,0,1,"Taylor, Christopher",male,30,127.72,S
731,1,3,"Anderson, Joseph",female,68,42.89,S
732,0,1,"Martinez, Matthew",female,62,65.21,C
733,1,1,"Moore, Elizabeth",female,,139.76,S
734,0,1,"Jackson, Robert",male,,149.16,S
735,0,2,"Lopez, Robert",male,,38.52,S
736,0,3,"Thomas, Matthew",male,,6.12,S
737,0,3,"Hernandez, Christopher",female,70,48.9,S
738,1,3,"Jackson, Lisa",female,74,35.01,C
739,1,2,"Brown, Elizabeth",male,18,71.02,S
740,0,3,"Miller, Charles",male,,7.48,S
741,0,3,"Williams, Thomas",female,,43.23,S
742,1,3,"Wilson, Barbara",male,19,37.22,S
743,1,1,"Anderson, Lisa",female,72,26.83,Q
744,0,3,"Wilson, Robert",female,55,37.79,C
745,0,3,"Williams, Sandra",male,68,49.4,Q
746,0,3,"Moore, Joseph",male,35,23.65,S
747,0,3,"Johnson, Anthony",male,38,29.92,C
748,1,3,"Smith, Robert",female,29,6.21,S
749,0,3,"Thomas, Sandra",female,37,23.77,S
750,1,2,"Lopez, Charles",male,9,63.9,S
751,1,2,"Jackson, James",female,16,43.59,C
752,0,1,"Johnson, William",male,18,63.25,S
753,0,3,"Garcia, Matthew",female,10,28.12,S
754,1,3,"Lopez, Patricia",female,39,17.22,S
755,0,2,"Wilson, David",male,48,80.09,Q
756,0,1,"Moore, Karen",male,25,122.34,S
757,0,3,"Smith, Jessica",male,15,41.85,S
758,1,3,"Hernandez, Jennifer",male,77,28.54,S
759,0,1,"Martinez, Robert",male,19,107.89,S
760,1,3,"Thomas, Matthew",female,10,5.85,S
761,1,1,"Rodriguez, Mary",male,8,78.33,S
762,1,3,"Miller, Jennifer",male,27,31.44,S
763,1,1,"Garcia, Margaret",male,75,61.96,S
764,0,3,"Smith, Thomas",male,,41.88,S
765,0,1,"Brown, Sandra",female,1,146.43,S
766,1,3,"Brown, Jennifer",female,57,35.31,C
767,0,3,"Hernandez, Patricia",female,15,39.26,S
768,1,3,"Williams, David",female,72,37.5,S
769,1,2,"Wilson, Elizabeth",female,57,30.33,Q
770,1,2,"Thomas, Nancy",male,48,26.14,S
771,0,2,"Garcia, John",male,76,97.98,S
772,0,1,"Wilson, Lisa",male,16,46.44,S
773,1,3,"Martin, Richard",female,52,21.02,Q
774,1,3,"Thomas, Linda",male,,16.28,S
775,1,1,"Garcia, Richard",male,64,106.54,S
776,1,2,"Taylor, Matthew",female,,16.89,S
777,1,3,"Moore, Sarah",female,34,29.41,S
778,1,3,"Gonzalez, Joseph",female,,25.26,S
779,1,1,"Martinez, Daniel",female,,73.14,S
780,1,3,"Moore, Margaret",female,74,26.14,S
781,1,1,"Martinez, David",female,79,106.33,S
782,1,3,"Hernandez, Richard",male,75,6.21,S
783,1,2,"Davis, Christopher",female,,31.98,S
784,1,1,"Moore, David",male,,37.92,S
785,1,3,"Thomas, Charles",female,35,5.92,S
786,1,2,"Miller, David",female,,53.95,S
787,0,3,"Williams, Anthony",female,56,14.08,C
788,0,1,"Martin, Lisa",female,52,123.62,Q
789,0,3,"Thomas, Susan",male,73,41.05,S
790,1,3,"Wilson, Richard",female,70,19.1,S
791,1,3,"Jackson, Jessica",male,67,43.82,S
792,1,3,"Wilson, Sandra",female,79,43.37,S
793,0,3,"Martinez, Margaret",male,,11.77,S
794,1,2,"Garcia, William",male,35,84.13,S
795,0,1,"Martinez, Joseph",male,,48.15,S
796,1,3,"Jones, James",female,,12.17,S
797,1,3,"Smith, Mary",male,,37.51,C
798,1,1,"Williams, Richard",female,53,136.06,Q
799,0,3,"Taylor, Nancy",male,65,46.98,C
800,1,3,"Hernandez, David",female,,31.99,C
801,1,3,"Rodriguez, Joseph",male,14,12.88,S
802,0,3,"Wilson, Jessica",male,15,19.24,S
803,0,3,"Martin, Mary",male,40,5.95,C
804,1,3,"Gonzalez, Elizabeth",male,31,16.38,S
805,0,3,"Gonzalez, Sandra",male,57,22.48,Q
806,1,2,"Garcia, Sandra",male,39,28.93,S
807,1,2,"Thomas, Jessica",female,11,84.09,C
808,1,3,"Rodriguez, Thomas",female,13,42.1,S
809,1,2,"Garcia, Christopher",female,,14.69,S
810,0,3,"Brown, Jennifer",male,41,30.91,S
811,1,3,"Jones, William",male,41,25.32,S
812,1,3,"Garcia, Richard",female,,23.65,C
813,0,3,"Martin, Christopher",male,,30.13,S
814,0,1,"Martin, Susan",female,22,21.72,S
815,0,1,"Wilson, Matthew",female,2,112.01,Q
816,0,3,"Rodriguez, Elizabeth",female,25,47.57,C
817,1,2,"Miller, Susan",female,37,75.4,S
818,0,3,"Davis, Barbara",male,80,25.29,S
819,0,3,"Gonzalez, Nancy",male,,19.55,S
820,1,2,"Johnson, David",female,13,60.13,Q
821,1,3,"Johnson, James",female,77,36.93,S
822,1,3,"Moore, Mary",female,17,48.56,S
823,1,2,"Taylor, Susan",female,17,18.07,S
824,1,1,"Wilson, Elizabeth",male,36,115.96,C
825,1,2,"Thomas, Matthew",female,22,38.4,Q
826,0,3,"Johnson, Jessica",female,,15.34,S
827,0,3,"Lopez, Daniel",female,64,6.84,S
828,1,3,"Miller, Margaret",male,16,20.73,S
829,1,3,"Smith, Thomas",female,28,31.26,C
830,0,1,"Smith, Elizabeth",male,13,134.79,S
831,1,3,"Jones, James",female,14,42.66,S
832,1,3,"Hernandez, Mary",female,77,34.61,S
833,1,3,"Johnson, Betty",female,73,10.82,S
834,1,2,"Gonzalez, William",male,78,44.33,S
835,0,3,"Gonzalez, Elizabeth",female,21,22.48,S
836,0,3,"Martinez, Mark",male,56,38.12,S
837,1,1,"Gonzalez, Jessica",male,63,75.13,S
838,1,3,"Wilson, John",male,79,13.39,S
839,1,2,"Taylor, Christopher",female,20,93.76,S
840,1,1,"Jones, Nancy",female,62,55.55,C
841,1,3,"Johnson, Thomas",female,,8.44,S
842,0,2,"Jackson, John",male,33,41.99,C
843,0,1,"Williams, Susan",female,,68.05,C
844,1,2,"Garcia, Michael",female,34,40.72,S
845,1,3,"Smith, Richard",female,,29.05,S
846,1,1,"Martinez, Karen",female,78,113.0,C
847,1,3,"Miller, Patricia",female,,11.08,C
848,1,3,"Wilson, Anthony",male,19,34.24,S
849,0,3,"Smith, Patricia",male,19,26.33,S
850,1,1,"Miller, Elizabeth",female,58,94.01,S
851,0,3,"Wilson, Susan",male,,43.14,C
852,0,3,"Martin, Sandra",female,66,31.6,S
853,0,3,"Jackson, David",female,,5.86,S
854,1,2,"Lopez, Joseph",female,,66.04,S
855,1,1,"Davis, Charles",female,57,46.33,C
856,0,2,"Lopez, Betty",female,50,96.38,S
857,1,3,"Jones, Jennifer",male,12,35.02,S
858,1,3,"Miller, Sarah",male,64,18.66,S
859,1,1,"Taylor, Mary",female,,126.77,C
860,0,2,"Rodriguez, David",male,,30.17,C
861,1,3,"Brown, Daniel",female,66,32.19,S
862,1,3,"Martin, Betty",female,14,40.17,C
863,0,1,"Miller, Sandra",male,,30.94,S
864,1,3,"Lopez, David",female,13,11.94,C
865,0,1,"Thomas, David",male,1,48.12,S
866,1,1,"Davis, Robert",female,47,99.97,C
867,0,3,"Taylor, Betty",male,53,45.41,S
868,0,3,"Williams, John",female,,41.28,S
869,0,2,"Jones, Mark",male,5,69.42,S
870,1,3,"Hernandez, Sandra",female,71,44.31,S
871,1,3,"Martin, Betty",male,27,44.94,S
872,1,2,"Martinez, John",female,52,79.79,S
873,0,2,"Moore, Elizabeth",male,28,18.35,S
874,0,3,"Davis, Anthony",male,70,31.66,C
875,1,3,"Lopez, Patricia",male,34,33.21,S
876,0,3,"Davis, Betty",male,1,25.39,C
877,0,3,"Gonzalez, Thomas",male,74,35.26,C
878,1,1,"Wilson, Anthony",male,13,34.78,S
879,1,1,"Taylor, Richard",female,58,25.54,S
880,1,3,"Thomas, Lisa",female,55,49.84,Q
881,0,3,"Taylor, Margaret",male,59,10.82,S
882,1,3,"Brown, Karen",female,72,21.62,C
883,1,1,"Lopez, Elizabeth",female,,35.7,Q
884,0,2,"Wilson, Mary",female,,80.54,Q
885,0,2,"Moore, Barbara",female,63,10.19,S
886,1,1,"Thomas, Anthony",female,44,120.48,C
887,0,3,"Jones, Margaret",male,58,35.02,C
888,1,1,"Anderson, Lisa",female,44,88.03,S
889,1,1,"Brown, Christopher",male,40,90.74,S
890,1,1,"Smith, Patricia",male,61,82.86,S
891,0,3,"Moore, Karen",male,75,24.99,S
